,image_url,main_category,name,price,product_category,product_url,sku,sub_category,username
0,https://cdn-tp1.mozu.com/7907-10193/cms/10193/files/986c0e14-ed2b-4329-b0d3-eb25cd5d279a?max=450&_mzcb=_1508808652400,,3DHD® - Kabuki Brush,25.0,,https://www.sigmabeauty.com/3dhd-kabuki/p/3DK,3DK,,sigmabeauty
1,https://cdn-tp1.mozu.com/7907-10193/cms/10193/files/ffae842d-a849-4ca2-b883-00ef0d277814?max=450&_mzcb=_1508808652400,,3DHD® - Precision Brush,20.0,,https://www.sigmabeauty.com/3dhd-precision/p/3DP,3DP,,sigmabeauty
2,https://cdn-tp1.mozu.com/7907-10193/cms/10193/files/347a8b03-5196-4d93-a6e6-43b679d862c7?max=450&_mzcb=_1508808652400,,3DHD® Max Kabuki,27.0,,https://www.sigmabeauty.com/3dhd-max-kabuki/p/3DK-M,3DK-M,,sigmabeauty
3,https://cdn-tp1.mozu.com/7907-10193/cms/10193/files/1ad67abd-e670-4671-9c6b-ca46abb482d9?max=450&_mzcb=_1508808652400,,3DHD® Precision - Pink,20.0,,https://www.sigmabeauty.com/3dhd-precision-pink/p/3DP-P,3DP-P,,sigmabeauty
4,https://cdn-tp1.mozu.com/7907-10193/cms/10193/files/9a21a936-2dff-4086-9ba5-b23d91d4b595?max=450&_mzcb=_1508808652400,,3DHD® Precision - White,20.0,,https://www.sigmabeauty.com/3dhd-precision-white/p/3DP-W,3DP-W,,sigmabeauty
5,https://cdn-tp1.mozu.com/7907-10193/cms/10193/files/861f56c6-65d1-48ff-91d7-3a6152c7800d?max=450&_mzcb=_1508808652400,,3DHDâ?¢ Blender,15.0,,https://www.sigmabeauty.com/3dhd-blender/p/3DB,3DB,,sigmabeauty
6,https://cdn-tp1.mozu.com/7907-10193/cms/10193/files/91a2c074-b325-40e4-ba7e-651550978cb6?max=450&_mzcb=_1508808652400,,4DHDâ?¢ Kabuki,25.0,,https://www.sigmabeauty.com/4dhd-kabuki/p/4DK-1,4DK-1,,sigmabeauty
7,https://cdn-tp1.mozu.com/7907-10193/cms/10193/files/c831cd34-803e-45dc-be86-db3c18beee44?max=450&_mzcb=_1508808652400,,B12 - Bent Liner Brush,15.0,,https://www.sigmabeauty.com/b12-bent-liner/p/B12,B12,,sigmabeauty
8,https://cdn-tp1.mozu.com/7907-10193/cms/10193/files/c7a3ba50-af64-4e89-a234-d11d297b0d15?max=450&_mzcb=_1508808652400,,Baking & Strobing Brush Set5-Brush Set,84.0,,https://www.sigmabeauty.com/baking-and-strobing-brush-set/p/BSBS01,BSBS01,,sigmabeauty
9,https://cdn-tp1.mozu.com/7907-10193/cms/10193/files/217d8d2f-5885-4e63-939c-aa1d8eb86f28?max=450&_mzcb=_1508808652400,,Basic Eyes Kit7-Brush Set,77.0,,https://www.sigmabeauty.com/basic-eyes-kit/p/EKPARNT,EKPARNT,,sigmabeauty
10,https://cdn-tp1.mozu.com/7907-10193/cms/10193/files/d94c2426-29fb-4113-93cf-ae4896163d2a?max=450&_mzcb=_1508808652400,,Basic Face Kit5-Brush Set,83.0,,https://www.sigmabeauty.com/basic-face-kit/p/FKPARNT,FKPARNT,,sigmabeauty
11,https://cdn-tp1.mozu.com/7907-10193/cms/10193/files/e5f29d49-060a-48b1-a0e5-8630ebdccc55?max=450&_mzcb=_1508808652400,,Best of Sigma Brush Set7-Brush Set,92.0,,https://www.sigmabeauty.com/best-of-sigma-brush-set/p/BOSPARNT,BOSPARNT,,sigmabeauty
12,https://cdn-tp1.mozu.com/7907-10193/cms/10193/files/c94cf82c-6778-404d-a33f-7f78c3a16c12?max=450&_mzcb=_1508808652400,,Complete Kit29-Brush Set,411.0,,https://www.sigmabeauty.com/complete-kit/p/ECGPARNT,ECGPARNT,,sigmabeauty
13,https://cdn-tp1.mozu.com/7907-10193/cms/10193/files/09094ee2-9fe5-4332-b659-fa0a728c27f8?max=450&_mzcb=_1508808652400,,Contour Expert Brush Set3-Brush Set,57.0,,https://www.sigmabeauty.com/contour-expert-brush-set/p/CBS01,CBS01,,sigmabeauty
14,https://cdn-tp1.mozu.com/7907-10193/cms/10193/files/c23c8ebd-8b08-4d05-be88-4881a21df3d9?max=450&_mzcb=_1508808652400,,Detail Brush Set8-Brush Set,98.0,,https://www.sigmabeauty.com/detail-brush-set/p/DBS01,DBS01,,sigmabeauty
15,https://cdn-tp1.mozu.com/7907-10193/cms/10193/files/624be24f-def6-4ae0-9e01-c605c9514c86?max=450&_mzcb=_1508808652400,,E04 - Lash Fan Brush,15.0,,https://www.sigmabeauty.com/e04-lash-fan/p/E04,E04,,sigmabeauty
16,https://cdn-tp1.mozu.com/7907-10193/cms/10193/files/967a2147-2688-461a-b3ac-694f4682ed8c?max=450&_mzcb=_1508808652400,,E05 - Eye Liner Brush,15.0,,https://www.sigmabeauty.com/e05-eye-liner/p/E05PARNT,E05PARNT,,sigmabeauty
17,https://cdn-tp1.mozu.com/7907-10193/cms/10193/files/d63dac0c-5bcd-40f1-ac3a-8cf950ab6e7e?max=450&_mzcb=_1508808652400,,E05 - Eye Liner Brush - Bunny Blue,14.0,,https://www.sigmabeauty.com/e05-eye-liner-brush-bunny-blue/p/E05BLU,E05BLU,,sigmabeauty
18,https://cdn-tp1.mozu.com/7907-10193/cms/10193/files/87c23c12-8195-4403-a3df-4940288b8727?max=450&_mzcb=_1508808652400,,E05 - Eye Liner Brush - Coral,14.0,,https://www.sigmabeauty.com/e05-coral-handle/p/E05COR,E05COR,,sigmabeauty
19,https://cdn-tp1.mozu.com/7907-10193/cms/10193/files/88ebda3a-c3e3-4d17-aa21-12cc0677a7e2?max=450&_mzcb=_1508808652400,,E06 - Winged Linerâ?¢ Brush,15.0,,https://www.sigmabeauty.com/e06-wingedliner/p/E06PARNT,E06PARNT,,sigmabeauty
20,https://cdn-tp1.mozu.com/7907-10193/cms/10193/files/35df56f7-c081-4c29-96c1-778f65efa363?max=450&_mzcb=_1508808652400,,E10 - Small Eye Liner Brush,15.0,,https://www.sigmabeauty.com/e10-small-eye-liner/p/E10PARNT,E10PARNT,,sigmabeauty
21,https://cdn-tp1.mozu.com/7907-10193/cms/10193/files/6c8a52fe-4160-4f60-87e4-88ba4bc10ab5?max=450&_mzcb=_1508808652400,,E11 - Eye Liner Brush,15.0,,https://www.sigmabeauty.com/e11-eye-liner/p/E11PARNT,E11PARNT,,sigmabeauty
22,https://cdn-tp1.mozu.com/7907-10193/cms/10193/files/afff8d24-5e19-4a2d-b6a2-59aaa1441b7a?max=450&_mzcb=_1508808652400,,E15 - Flat Definer - Sparkle Black,15.0,,https://www.sigmabeauty.com/e15-flat-definer-sparkle-black/p/NLE15,NLE15,,sigmabeauty
23,https://cdn-tp1.mozu.com/7907-10193/cms/10193/files/0c2a11d4-5047-45eb-aa0a-41d77c7f0745?max=450&_mzcb=_1508808652400,,E15 - Flat Definer Brush,15.0,,https://www.sigmabeauty.com/e15-flat-definer/p/E15PARNT,E15PARNT,,sigmabeauty
24,https://cdn-tp1.mozu.com/7907-10193/cms/10193/files/3792f3e6-445b-473c-bec3-be88981f43b8?max=450&_mzcb=_1508808652400,,E16 - Tightline Liner Brush,15.0,,https://www.sigmabeauty.com/e16-tightline-liner/p/E16PARNT,E16PARNT,,sigmabeauty
25,https://cdn-tp1.mozu.com/7907-10193/cms/10193/files/d43255c3-d242-4700-8037-b5e90046a4da?max=450&_mzcb=_1508808652400,,E17 - Waterline Liner Brush,14.0,,https://www.sigmabeauty.com/e17-waterline-liner/p/E17PARNT,E17PARNT,,sigmabeauty
26,https://cdn-tp1.mozu.com/7907-10193/cms/10193/files/5c5cb555-ed78-4afc-9c18-944dabc2248a?max=450&_mzcb=_1508808652400,,E20 - Short Shader Brush,15.0,,https://www.sigmabeauty.com/e20-short-shader/p/E20PARNT,E20PARNT,,sigmabeauty
27,https://cdn-tp1.mozu.com/7907-10193/cms/10193/files/7a8f2a21-8e88-4f3b-8a6b-c14c0a712448?max=450&_mzcb=_1508808652400,,E20 - Short Shader Brush - Copper,15.0,,https://www.sigmabeauty.com/e20-short-shader-brush-copper/p/E20C-1,E20C-1,,sigmabeauty
28,https://cdn-tp1.mozu.com/7907-10193/cms/10193/files/47c2e6e8-5936-4d7c-8abd-2d805a7bb36b?max=450&_mzcb=_1508808652400,,E20S - Short Shader Brush,15.0,,https://www.sigmabeauty.com/e20s-short-shader/p/E20SPARNT,E20SPARNT,,sigmabeauty
29,https://cdn-tp1.mozu.com/7907-10193/cms/10193/files/cdcf49f1-fcab-4eef-8d9e-9c45d0f9454c?max=450&_mzcb=_1508808652400,,E21 - Smudge Brush,15.0,,https://www.sigmabeauty.com/e21-smudge/p/E21PARNT,E21PARNT,,sigmabeauty
30,https://cdn-tp1.mozu.com/7907-10193/cms/10193/files/75c984fb-e7e0-430f-9f0e-a30d61678ea2?max=450&_mzcb=_1508808652400,,E25 - Blending Brush,16.0,,https://www.sigmabeauty.com/e25-blending/p/E25PARNT,E25PARNT,,sigmabeauty
31,https://cdn-tp1.mozu.com/7907-10193/cms/10193/files/482f97e8-8fac-4290-9b65-f510fb5960ad?max=450&_mzcb=_1508808652400,,E30 - Pencil Brush,15.0,,https://www.sigmabeauty.com/e30-pencil/p/E30PARNT,E30PARNT,,sigmabeauty
32,https://cdn-tp1.mozu.com/7907-10193/cms/10193/files/9b3fdc6a-6ea0-4596-83cf-767142037505?max=450&_mzcb=_1508808652400,,E30S - Pencil Brush,15.0,,https://www.sigmabeauty.com/e30s-pencil-/p/E30SPARNT,E30SPARNT,,sigmabeauty
33,https://cdn-tp1.mozu.com/7907-10193/cms/10193/files/ecf8f79b-d62c-410b-86aa-25f8f960789f?max=450&_mzcb=_1508808652400,,E32 - Exact Blendâ?¢ Brush,16.0,,https://www.sigmabeauty.com/e32-exact-blend-/p/E32PARNT,E32PARNT,,sigmabeauty
34,https://cdn-tp1.mozu.com/7907-10193/cms/10193/files/bc7ddfd0-17e6-4a16-aa11-6a007b233f3b?max=450&_mzcb=_1508808652400,,E34 - Domed Utilityâ?¢ Brush,15.0,,https://www.sigmabeauty.com/e34-domed-utility-/p/E34PARNT,E34PARNT,,sigmabeauty
35,https://cdn-tp1.mozu.com/7907-10193/cms/10193/files/047c4f15-b4c0-4fc3-a5ce-e024018a5334?max=450&_mzcb=_1508808652400,,E35 - Tapered Blending Brush,17.0,,https://www.sigmabeauty.com/e35-tapered-blending/p/E35PARNT,E35PARNT,,sigmabeauty
36,https://cdn-tp1.mozu.com/7907-10193/cms/10193/files/94afb62b-f239-4118-8769-976d91889e23?max=450&_mzcb=_1508808652400,,E36 - Blending Brush,15.0,,https://www.sigmabeauty.com/e36-blending/p/E36PARNT,E36PARNT,,sigmabeauty
37,https://cdn-tp1.mozu.com/7907-10193/cms/10193/files/52a28012-9ccf-4470-9479-6aea46364b25?max=450&_mzcb=_1508808652400,,E37 - All Over Blendâ?¢ Brush,17.0,,https://www.sigmabeauty.com/e37-alloverblend/p/E37PARNT,E37PARNT,,sigmabeauty
38,https://cdn-tp1.mozu.com/7907-10193/cms/10193/files/81aa179d-af26-4956-bcc0-e99c5eb936e1?max=450&_mzcb=_1508808652400,,E38 - Diffused Creaseâ?¢ Brush,17.0,,https://www.sigmabeauty.com/e38-diffusedcrease/p/E38PARNT,E38PARNT,,sigmabeauty
39,https://cdn-tp1.mozu.com/7907-10193/cms/10193/files/d350c7f6-f40f-42a2-8b6b-cb70c4cde1a9?max=450&_mzcb=_1508808652400,,E39 - Buff and Blendâ?¢ Brush,17.0,,https://www.sigmabeauty.com/e39-buffandblend/p/E39PARNT,E39PARNT,,sigmabeauty
40,https://cdn-tp1.mozu.com/7907-10193/cms/10193/files/2aef3350-23e1-4719-ada2-d2d17cf2adef?max=450&_mzcb=_1508808652400,,E40 - Tapered Blending Brush,17.0,,https://www.sigmabeauty.com/e40-tapered-blending/p/E40PARNT,E40PARNT,,sigmabeauty
41,https://cdn-tp1.mozu.com/7907-10193/cms/10193/files/9b53327d-52e3-4bec-8497-5b000ca0ece4?max=450&_mzcb=_1508808652400,,E41 - Duo Fibre Blendâ?¢ Brush,16.0,,https://www.sigmabeauty.com/e41-duo-fibre-blend-/p/E41,E41,,sigmabeauty
42,https://cdn-tp1.mozu.com/7907-10193/cms/10193/files/e5d173b6-c77f-4c76-86f7-38387c500b7c?max=450&_mzcb=_1508808652400,,E43 - Domed Blendingâ?¢ Brush,17.0,,https://www.sigmabeauty.com/e43-domed-blending/p/E43,E43,,sigmabeauty
43,https://cdn-tp1.mozu.com/7907-10193/cms/10193/files/6f464890-42de-40c8-920f-c088e2463408?max=450&_mzcb=_1508808652400,,E44 - Firm Blender Brush,17.0,,https://www.sigmabeauty.com/e44-firmblender/p/E44PARNT,E44PARNT,,sigmabeauty
44,https://cdn-tp1.mozu.com/7907-10193/cms/10193/files/0a0461a4-008f-4f33-b184-dc3a097f46c7?max=450&_mzcb=_1508808652400,,E45 - Small Tapered Blending Brush,16.0,,https://www.sigmabeauty.com/e45-small-tapered-blending/p/E45PARNT,E45PARNT,,sigmabeauty
45,https://cdn-tp1.mozu.com/7907-10193/cms/10193/files/e34c77f8-4222-4965-8f6d-eed27b1c25d2?max=450&_mzcb=_1508808652400,,E46 - Shader - Inner Corner Brush,15.0,,https://www.sigmabeauty.com/e46-shader-inner-corner/p/E46PARNT,E46PARNT,,sigmabeauty
46,https://cdn-tp1.mozu.com/7907-10193/cms/10193/files/1ccb4ed6-5bb7-48d2-ab44-5abb5f71493c?max=450&_mzcb=_1508808652400,,E47 - Shader - Crease Brush,15.0,,https://www.sigmabeauty.com/e47-shader-crease/p/E47PARNT,E47PARNT,,sigmabeauty
47,https://cdn-tp1.mozu.com/7907-10193/cms/10193/files/6ac13ed1-12c0-4607-be60-3dd2e98d4dfe?max=450&_mzcb=_1508808652400,,E48 - Pointed Creaseâ?¢ Brush,20.0,,https://www.sigmabeauty.com/e48-pointedcrease/p/E48PARNT,E48PARNT,,sigmabeauty
48,https://cdn-tp1.mozu.com/7907-10193/cms/10193/files/3bcfafba-9bd8-4efa-9a17-a8054a23ca89?max=450&_mzcb=_1508808652400,,E50 - Large Fluff Brush,17.0,,https://www.sigmabeauty.com/e50-large-fluff/p/E50PARNT,E50PARNT,,sigmabeauty
49,https://cdn-tp1.mozu.com/7907-10193/cms/10193/files/13343f96-cc6c-429f-81db-7af06d70958d?max=450&_mzcb=_1508808652400,,E52 - Soft Focus Shaderâ?¢ Brush,17.0,,https://www.sigmabeauty.com/e52-softfocusshader/p/E52PARNT,E52PARNT,,sigmabeauty
50,https://cdn-tp1.mozu.com/7907-10193/cms/10193/files/5eb533bc-fdd7-472a-8e24-82a279da802f?max=450&_mzcb=_1508808652400,,E54 - Medium Sweeperâ?¢ Brush,16.0,,https://www.sigmabeauty.com/e54-mediumsweeper/p/E54PARNT,E54PARNT,,sigmabeauty
51,https://cdn-tp1.mozu.com/7907-10193/cms/10193/files/5fa0a043-feb5-4045-aee7-f9f9463a41d8?max=450&_mzcb=_1508808652400,,E55 - Eye Shading - Sparkle Black,16.0,,https://www.sigmabeauty.com/e55-eye-shading-sparkle-black/p/NLE55,NLE55,,sigmabeauty
52,https://cdn-tp1.mozu.com/7907-10193/cms/10193/files/be45bad0-a24c-4346-86e5-a121de86ec4f?max=450&_mzcb=_1508808652400,,E55 - Eye Shading Brush,16.0,,https://www.sigmabeauty.com/e55-eye-shading/p/E55PARNT,E55PARNT,,sigmabeauty
53,https://cdn-tp1.mozu.com/7907-10193/cms/10193/files/f0987b7a-d51d-404d-bf02-442709abe1f7?max=450&_mzcb=_1508808652400,,E56 - Shader - Lid Brush,14.0,,https://www.sigmabeauty.com/e56-shader-lid/p/E56PARNT,E56PARNT,,sigmabeauty
54,https://cdn-tp1.mozu.com/7907-10193/cms/10193/files/a2e4264e-73a6-4e63-8b84-c5f2b627d034?max=450&_mzcb=_1508808652400,,E57 - Firm Shader Brush,16.0,,https://www.sigmabeauty.com/e57-firm-shader/p/E57PARNT,E57PARNT,,sigmabeauty
55,https://cdn-tp1.mozu.com/7907-10193/cms/10193/files/9baded50-a5ec-4dcf-99ae-d7f3a1b42806?max=450&_mzcb=_1508808652400,,E58 - Cream Color Brush,16.0,,https://www.sigmabeauty.com/e58-creamcolor/p/E58PARNT,E58PARNT,,sigmabeauty
56,https://cdn-tp1.mozu.com/7907-10193/cms/10193/files/edfd0450-6d5d-4c80-95aa-1a8a7c75270c?max=450&_mzcb=_1508808652400,,E59 - Wide Shader Brush,17.0,,https://www.sigmabeauty.com/e59-wide-shader/p/E59PARNT,E59PARNT,,sigmabeauty
57,https://cdn-tp1.mozu.com/7907-10193/cms/10193/files/dcf038e5-bf50-4f1e-879f-17c4e251a9ec?max=450&_mzcb=_1508808652400,,E60 - Large Shader Brush,17.0,,https://www.sigmabeauty.com/e60-large-shader/p/E60PARNT,E60PARNT,,sigmabeauty
58,https://cdn-tp1.mozu.com/7907-10193/cms/10193/files/b32dd399-3f5f-4475-91db-d677ed3e335c?max=450&_mzcb=_1508808652400,,E60 - Large Shader Brush - Bunny Blue,16.0,,https://www.sigmabeauty.com/e60-large-shader-brush-bunny-blue/p/E60BLU,E60BLU,,sigmabeauty
59,https://cdn-tp1.mozu.com/7907-10193/cms/10193/files/872b9116-792a-42ce-9620-40811c239048?max=450&_mzcb=_1508808652400,,E60 - Large Shader Brush - Coral,16.0,,https://www.sigmabeauty.com/e60-coral-handle/p/E60COR,E60COR,,sigmabeauty
60,https://cdn-tp1.mozu.com/7907-10193/cms/10193/files/8d470fc4-7779-4f76-86f2-8047e8ec4c64?max=450&_mzcb=_1508808652400,,E62 - Cut Crease Brush,17.0,,https://www.sigmabeauty.com/e62-cut-crease/p/E62,E62,,sigmabeauty
61,https://cdn-tp1.mozu.com/7907-10193/cms/10193/files/804fee5d-2634-46f9-98ea-98aabc334249?max=450&_mzcb=_1508808652400,,E65 - Small Angle Brush,15.0,,https://www.sigmabeauty.com/e65-small-angle/p/E65PARNT,E65PARNT,,sigmabeauty
62,https://cdn-tp1.mozu.com/7907-10193/cms/10193/files/d3dcc8b6-183c-4385-adf7-359a60a2931b?max=450&_mzcb=_1508808652400,,E65 - Small Angle Brush - Copper,15.0,,https://www.sigmabeauty.com/e65-small-angle-brush-copper/p/E65C-1,E65C-1,,sigmabeauty
63,https://cdn-tp1.mozu.com/7907-10193/cms/10193/files/58bfabd4-495f-4de7-8c8b-b811534006e4?max=450&_mzcb=_1508808652400,,E68 - Line Perfectorâ?¢ Brush,17.0,,https://www.sigmabeauty.com/e68-line-perfector/p/E68PARNT,E68PARNT,,sigmabeauty
64,https://cdn-tp1.mozu.com/7907-10193/cms/10193/files/cb58da67-1664-42cc-b0d7-18e74c229e2e?max=450&_mzcb=_1508808652400,,E70 - Medium Angled Shading Brush,16.0,,https://www.sigmabeauty.com/e70-medium-angled-shading/p/E70PARNT,E70PARNT,,sigmabeauty
65,https://cdn-tp1.mozu.com/7907-10193/cms/10193/files/0825bdbc-b12c-470b-9e66-1f39799dba5b?max=450&_mzcb=_1508808652400,,E71 - Highlight Diffuserâ?¢ Brush,20.0,,https://www.sigmabeauty.com/e71-highlightdiffuser/p/E71PARNT,E71PARNT,,sigmabeauty
66,https://cdn-tp1.mozu.com/7907-10193/cms/10193/files/2445f76e-8718-48d6-b0e9-01b3982f8a91?max=450&_mzcb=_1508808652400,,E75 - Angled Brow Brush,17.0,,https://www.sigmabeauty.com/e75-angled-brow/p/E75PARNT,E75PARNT,,sigmabeauty
67,https://cdn-tp1.mozu.com/7907-10193/cms/10193/files/ea046f7b-ca50-4a03-a5a1-573e84a4b824?max=450&_mzcb=_1508808652400,,E80 - Brow and Lash Brush,15.0,,https://www.sigmabeauty.com/e80-brow-and-lash/p/E80PARNT,E80PARNT,,sigmabeauty
68,https://cdn-tp1.mozu.com/7907-10193/cms/10193/files/a666a1ec-7e45-4410-8c89-6944d780a265?max=450&_mzcb=_1508808652400,,Essential Kit12-Brush Set,160.0,,https://www.sigmabeauty.com/essentialkit/p/CKPARNT1,CKPARNT1,,sigmabeauty
69,https://cdn-tp1.mozu.com/7907-10193/cms/10193/files/b89e8201-a468-48e3-864b-8fe10425c6f1?max=450&_mzcb=_1508808652400,,Essential Kit - Make Me Classy12-Brush Set,179.0,,https://www.sigmabeauty.com/essential-kit/p/CKPARNT,CKPARNT,,sigmabeauty
70,https://cdn-tp1.mozu.com/7907-10193/cms/10193/files/f7810c80-ebec-4901-97c6-a7eda769cd41?max=450&_mzcb=_1508808652400,,Essential Kit - Mr. Bunny12-Brush Set,179.0,,https://www.sigmabeauty.com/essential-kit-bunny/p/BBPARNT,BBPARNT,,sigmabeauty
71,https://cdn-tp1.mozu.com/7907-10193/cms/10193/files/2d12e056-75b6-4ac8-9303-155278da3dbf?max=450&_mzcb=_1508808652400,,F03 - High Cheekbone Highlighterâ?¢ Brush,20.0,,https://www.sigmabeauty.com/f03-high-cheekbone-highlighter/p/F03,F03,,sigmabeauty
72,https://cdn-tp1.mozu.com/7907-10193/cms/10193/files/eeef377f-6c6c-45cb-b72c-5db183375202?max=450&_mzcb=_1508808652400,,F04 - Extreme Structure Contourâ?¢ Brush,22.0,,https://www.sigmabeauty.com/f04-extreme-structure-contour/p/F04,F04,,sigmabeauty
73,https://cdn-tp1.mozu.com/7907-10193/cms/10193/files/fe5ac511-35b3-4c6f-bbea-6623d11c47fc?max=450&_mzcb=_1508808652400,,F04 - Extreme Structure Contourâ?¢ Brush - Copper,22.0,,https://www.sigmabeauty.com/f04-extreme-structure-contour-copper/p/F04C,F04C,,sigmabeauty
74,https://cdn-tp1.mozu.com/7907-10193/cms/10193/files/21039d16-1696-45e8-ac12-3fa0ed6093fa?max=450&_mzcb=_1508808652400,,F05 - Small Contour Brush,22.0,,https://www.sigmabeauty.com/f05-small-contour/p/F05PARNT,F05PARNT,,sigmabeauty
75,https://cdn-tp1.mozu.com/7907-10193/cms/10193/files/6dea5e86-9608-442d-906f-de4481daf33f?max=450&_mzcb=_1508808652400,,F06 - Powder Sweepâ?¢ Brush,20.0,,https://www.sigmabeauty.com/f06-powder-sweep/p/F06,F06,,sigmabeauty
76,https://cdn-tp1.mozu.com/7907-10193/cms/10193/files/b8d9554d-0858-4b73-b12c-62b3b926997e?max=450&_mzcb=_1508808652400,,F10 - Powder/Blush Brush,25.0,,https://www.sigmabeauty.com/f10-powderblush/p/F10PARNT,F10PARNT,,sigmabeauty
77,https://cdn-tp1.mozu.com/7907-10193/cms/10193/files/936b516d-2239-4b36-865e-ad5102597a89?max=450&_mzcb=_1508808652400,,F15 - Duo Fibre Powder/Blush Brush,28.0,,https://www.sigmabeauty.com/f15-duo-fibre-powderblush/p/F15PARNT,F15PARNT,,sigmabeauty
78,https://cdn-tp1.mozu.com/7907-10193/cms/10193/files/53aaadf2-b6f1-462a-9f58-2ca664639297?max=450&_mzcb=_1508808652400,,F20 - Large Powder Brush,34.0,,https://www.sigmabeauty.com/f20-large-powder/p/F20PARNT,F20PARNT,,sigmabeauty
79,https://cdn-tp1.mozu.com/7907-10193/cms/10193/files/cca3cb8a-7a75-4b82-8376-cc5de7bf2d98?max=450&_mzcb=_1508808652400,,F23 - Soft Angled Contourâ?¢ Brush,26.0,,https://www.sigmabeauty.com/f23-soft-angled-contour/p/F23,F23,,sigmabeauty
80,https://cdn-tp1.mozu.com/7907-10193/cms/10193/files/ca74ddc5-28b0-497b-8f5b-8140245feb05?max=450&_mzcb=_1508808652400,,F25 - Tapered Face Brush,34.0,,https://www.sigmabeauty.com/f25-tapered-face/p/F25PARNT,F25PARNT,,sigmabeauty
81,https://cdn-tp1.mozu.com/7907-10193/cms/10193/files/667da804-22d3-40d4-9977-e9c26498562a?max=450&_mzcb=_1508808652400,,F25 - Tapered Face Brush - Copper,34.0,,https://www.sigmabeauty.com/f25-tapered-face-brush-copper/p/F25C-1,F25C-1,,sigmabeauty
82,https://cdn-tp1.mozu.com/7907-10193/cms/10193/files/fc671847-1e37-49b1-b247-743c86971d6b?max=450&_mzcb=_1508808652400,,F30 - Large Powder Brush,30.0,,https://www.sigmabeauty.com/f30-large-powder/p/F30PARNT,F30PARNT,,sigmabeauty
83,https://cdn-tp1.mozu.com/7907-10193/cms/10193/files/aa02e66d-d70a-47f9-b917-5c378aecea64?max=450&_mzcb=_1508808652400,,F35 - Tapered Highlighter - Sparkle Black,25.0,,https://www.sigmabeauty.com/f35-tapered-highlighter-sparkle-black/p/NLF35,NLF35,,sigmabeauty
84,https://cdn-tp1.mozu.com/7907-10193/cms/10193/files/8219ddd6-f2ee-47bb-92cf-9036c257b54d?max=450&_mzcb=_1508808652400,,F35 - Tapered Highlighter Brush,25.0,,https://www.sigmabeauty.com/f35-tapered-highlighter/p/F35PARNT,F35PARNT,,sigmabeauty
85,https://cdn-tp1.mozu.com/7907-10193/cms/10193/files/be7a02a5-b9b9-49d3-bf32-de1d9436d8db?max=450&_mzcb=_1508808652400,,F37 â?? Spotlight Dusterâ?¢ Brush,25.0,,https://www.sigmabeauty.com/f37-spotlight-duster/p/F37,F37,,sigmabeauty
86,https://cdn-tp1.mozu.com/7907-10193/cms/10193/files/9853c26f-3d60-4167-8b38-2f5572925969?max=450&_mzcb=_1508808652400,,F37 â?? Spotlight Dusterâ?¢ Brush - Copper,25.0,,https://www.sigmabeauty.com/f37-spotlight-duster-copper/p/F37C,F37C,,sigmabeauty
87,https://cdn-tp1.mozu.com/7907-10193/cms/10193/files/449bc468-36f4-4fe9-b92c-c863414a5a9e?max=450&_mzcb=_1508808652400,,F40 - Large Angled Contour - Sparkle Black,23.0,,https://www.sigmabeauty.com/f40-large-angled-contour-sparkle-black/p/NLF40,NLF40,,sigmabeauty
88,https://cdn-tp1.mozu.com/7907-10193/cms/10193/files/f47ada6d-da4e-4915-8a2d-188f138df6a2?max=450&_mzcb=_1508808652400,,F40 - Large Angled Contour Brush,23.0,,https://www.sigmabeauty.com/f40-large-angled-contour/p/F40PARNT,F40PARNT,,sigmabeauty
89,https://cdn-tp1.mozu.com/7907-10193/cms/10193/files/05691cba-f0a6-4c2e-95ef-2801d68c5052?max=450&_mzcb=_1508808652400,,F40 - Large Angled Contour Brush - Bunny Blue,23.0,,https://www.sigmabeauty.com/f40-large-angled-contour-brush-bunny-blue/p/F40BLU,F40BLU,,sigmabeauty
90,https://cdn-tp1.mozu.com/7907-10193/cms/10193/files/87521095-facf-4578-ac56-ee4dfa4796e4?max=450&_mzcb=_1508808652400,,F40 - Large Angled Contour Brush - Copper,23.0,,https://www.sigmabeauty.com/f40-large-angled-contour-brush-copper/p/F40C-1,F40C-1,,sigmabeauty
91,https://cdn-tp1.mozu.com/7907-10193/cms/10193/files/d740a674-30af-41f0-bda9-898628905087?max=450&_mzcb=_1508808652400,,F41 - Fan Brush,18.0,,https://www.sigmabeauty.com/p/F41PARNT,F41PARNT,,sigmabeauty
92,https://cdn-tp1.mozu.com/7907-10193/cms/10193/files/7e7bd4af-c123-4ea3-87c8-5fde5fa49e94?max=450&_mzcb=_1508808652400,,F42 - Strobing Fanâ?¢ Brush,18.0,,https://www.sigmabeauty.com/f42-strobing-fan/p/F42,F42,,sigmabeauty
93,https://cdn-tp1.mozu.com/7907-10193/cms/10193/files/25f3d406-2ae9-44d5-ab67-94cdfd345fb5?max=450&_mzcb=_1508808652400,,F50 - Duo Fibre Brush,27.0,,https://www.sigmabeauty.com/f50-duo-fibre/p/F50PARNT,F50PARNT,,sigmabeauty
94,https://cdn-tp1.mozu.com/7907-10193/cms/10193/files/0cfc0351-f978-447d-81e3-a23cdcc73ef9?max=450&_mzcb=_1508808652400,,F55 - Small Duo Fibre Brush,22.0,,https://www.sigmabeauty.com/f55-small-duo-fibre/p/F55PARNT,F55PARNT,,sigmabeauty
95,https://cdn-tp1.mozu.com/7907-10193/cms/10193/files/97ea98e2-bbbe-41cc-8009-db6563e57239?max=450&_mzcb=_1508808652400,,F56 - Accentuate Highlighterâ?¢ Brush,23.0,,https://www.sigmabeauty.com/f56-accentuate-highlighter/p/F56,F56,,sigmabeauty
96,https://cdn-tp1.mozu.com/7907-10193/cms/10193/files/c8e4b209-0aed-47a4-925b-10702f9025e6?max=450&_mzcb=_1508808652400,,F56 - Accentuate Highlighterâ?¢ Brush - Copper,23.0,,https://www.sigmabeauty.com/f56-accentuate-highlighter-copper/p/F56C,F56C,,sigmabeauty
97,https://cdn-tp1.mozu.com/7907-10193/cms/10193/files/0d2d1b05-d57a-491e-91f5-07e0b46ffa87?max=450&_mzcb=_1508808652400,,F57 - Emphasize Contourâ?¢ Brush,27.0,,https://www.sigmabeauty.com/f57-emphasize-contour/p/F57,F57,,sigmabeauty
98,https://cdn-tp1.mozu.com/7907-10193/cms/10193/files/4d75bf80-a85d-4d72-bcfe-61748e8053b4?max=450&_mzcb=_1508808652400,,F60 - Foundation Brush,22.0,,https://www.sigmabeauty.com/f60-foundation/p/F60PARNT,F60PARNT,,sigmabeauty
99,https://cdn-tp1.mozu.com/7907-10193/cms/10193/files/d8aca038-4fc9-4032-a056-66898656de29?max=450&_mzcb=_1508808652400,,F60 - Foundation Brush - Bunny Blue,21.0,,https://www.sigmabeauty.com/f60-foundation-brush-bunny-blue/p/F60BLU,F60BLU,,sigmabeauty
100,https://cdn-tp1.mozu.com/7907-10193/cms/10193/files/eac71a46-07e7-4f86-8727-9bea70702373?max=450&_mzcb=_1508808652400,,F60 - Foundation Brush - Coral,21.0,,https://www.sigmabeauty.com/f60-coral-handle/p/F60COR,F60COR,,sigmabeauty
101,https://cdn-tp1.mozu.com/7907-10193/cms/10193/files/2be163cb-b7e3-498c-af34-6a56ab967bcd?max=450&_mzcb=_1508808652400,,F61 - Angled Cream Contourâ?¢ Brush,20.0,,https://www.sigmabeauty.com/f61-angled-cream-contour/p/F61,F61,,sigmabeauty
102,https://cdn-tp1.mozu.com/7907-10193/cms/10193/files/6467ddd9-2c54-4c1e-b7fa-2a6316d99bd3?max=450&_mzcb=_1508808652400,,F63 - Airbrush Blenderâ?¢ Brush,17.0,,https://www.sigmabeauty.com/f63-airbrushblender/p/F63PARNT,F63PARNT,,sigmabeauty
103,https://cdn-tp1.mozu.com/7907-10193/cms/10193/files/ba198ced-b22e-411a-bbf8-427be12494a2?max=450&_mzcb=_1508808652400,,F64 - Soft Blend Concealerâ?¢ Brush,22.0,,https://www.sigmabeauty.com/f64-softblendconcealer/p/F64PARNT,F64PARNT,,sigmabeauty
104,https://cdn-tp1.mozu.com/7907-10193/cms/10193/files/0e99241c-1dbb-4b21-90a1-dc7c35af3b7c?max=450&_mzcb=_1508808652400,,F66 - Angled Buff Concealerâ?¢ Brush,17.0,,https://www.sigmabeauty.com/f66-angledbuffconcealer/p/F66PARNT,F66PARNT,,sigmabeauty
105,https://cdn-tp1.mozu.com/7907-10193/cms/10193/files/9468c72a-5aac-4779-bb36-794035c82c4b?max=450&_mzcb=_1508808652400,,F68 - Pin-Point Concealerâ?¢ Brush,15.0,,https://www.sigmabeauty.com/f68-pin-pointconcealer/p/F68PARNT,F68PARNT,,sigmabeauty
106,https://cdn-tp1.mozu.com/7907-10193/cms/10193/files/986e9798-80fd-4876-9ab6-674dde379adf?max=450&_mzcb=_1508808652400,,F69 - Angled Pixel Concealerâ?¢ Brush,15.0,,https://www.sigmabeauty.com/f69-angledpixelconcealer/p/F69PARNT,F69PARNT,,sigmabeauty
107,https://cdn-tp1.mozu.com/7907-10193/cms/10193/files/833dec49-a83e-412a-a527-7db9b6511574?max=450&_mzcb=_1508808652400,,F70 - Concealer Brush,15.0,,https://www.sigmabeauty.com/f70-concealer/p/F70PARNT,F70PARNT,,sigmabeauty
108,https://cdn-tp1.mozu.com/7907-10193/cms/10193/files/78bfdc99-70f3-46c2-aa2a-ef5ee25a23a1?max=450&_mzcb=_1508808652400,,F70 - Concealer Brush - Bunny Blue,14.0,,https://www.sigmabeauty.com/f70-concealer-brush-bunny-blue/p/F70BLU,F70BLU,,sigmabeauty
109,https://cdn-tp1.mozu.com/7907-10193/cms/10193/files/bbdd8827-767a-4019-a1b7-90cac7b87659?max=450&_mzcb=_1508808652400,,F71 - Detail Concealerâ?¢ Brush,15.0,,https://www.sigmabeauty.com/f71-detail-concealer-/p/F71PARNT,F71PARNT,,sigmabeauty
110,https://cdn-tp1.mozu.com/7907-10193/cms/10193/files/be172902-fb5d-4f89-a4e1-04e0371aa583?max=450&_mzcb=_1508808652400,,F75 - Concealer Brush,16.0,,https://www.sigmabeauty.com/f75-concealer/p/F75PARNT,F75PARNT,,sigmabeauty
111,https://cdn-tp1.mozu.com/7907-10193/cms/10193/files/31979d5d-b3ec-4510-bca0-3a8dac07d75b?max=450&_mzcb=_1508808652400,,F77 - Chisel and Trim Contourâ?¢ Brush,23.0,,https://www.sigmabeauty.com/f77-chisel-and-trim-contour/p/F77,F77,,sigmabeauty
112,https://cdn-tp1.mozu.com/7907-10193/cms/10193/files/11dba806-e247-4058-b4ed-38dc145f9a2a?max=450&_mzcb=_1508808652400,,F79 - Concealer Blend Kabukiâ?¢ Brush,23.0,,https://www.sigmabeauty.com/f79-concealer-blend-kabuki/p/F79,F79,,sigmabeauty
113,https://cdn-tp1.mozu.com/7907-10193/cms/10193/files/fa51dfa4-25dd-4bc3-b82f-ba3236c99261?max=450&_mzcb=_1508808652400,,F80 - Flat Kabukiâ?¢ Brush,25.0,,https://www.sigmabeauty.com/f80-flatkabuki/p/F80PARNT,F80PARNT,,sigmabeauty
114,https://cdn-tp1.mozu.com/7907-10193/cms/10193/files/9843ab6a-d0d8-4d8f-935e-badcd4241a09?max=450&_mzcb=_1508808652400,,F82 - Round Kabukiâ?¢ Brush,25.0,,https://www.sigmabeauty.com/f82-round-kabuki-/p/F82PARNT,F82PARNT,,sigmabeauty
115,https://cdn-tp1.mozu.com/7907-10193/cms/10193/files/0ae03f42-039d-474d-aa3a-6e1ac912b026?max=450&_mzcb=_1508808652400,,F83 Curved Kabukiâ?¢,25.0,,https://www.sigmabeauty.com/f83-curved-kabuki-/p/F83,F83,,sigmabeauty
116,https://cdn-tp1.mozu.com/7907-10193/cms/10193/files/9b20f803-4d8a-4c5a-9140-02c86e3a3277?max=450&_mzcb=_1508808652400,,F84 - Angled Kabukiâ?¢ Brush,25.0,,https://www.sigmabeauty.com/f84-angled-kabuki-/p/F84PARNT,F84PARNT,,sigmabeauty
117,https://cdn-tp1.mozu.com/7907-10193/cms/10193/files/ad7c7410-1e16-456d-bd07-d4f01825c2a3?max=450&_mzcb=_1508808652400,,F86 - Tapered Kabukiâ?¢ Brush,25.0,,https://www.sigmabeauty.com/f86-tapered-kabuki-/p/F86PARNT,F86PARNT,,sigmabeauty
118,https://cdn-tp1.mozu.com/7907-10193/cms/10193/files/2886783b-a412-4542-8e9d-8bd44004acff?max=450&_mzcb=_1508808652400,,F87 Edge Kabukiâ?¢,25.0,,https://www.sigmabeauty.com/f87-edge-kabuki-/p/F87,F87,,sigmabeauty
119,https://cdn-tp1.mozu.com/7907-10193/cms/10193/files/d5c2c15a-27b2-4bc7-b9ed-dd916e00858b?max=450&_mzcb=_1508808652400,,F88 - Flat Angled Kabukiâ?¢ Brush,25.0,,https://www.sigmabeauty.com/f88-flat-angled-kabuki-/p/F88PARNT,F88PARNT,,sigmabeauty
120,https://cdn-tp1.mozu.com/7907-10193/cms/10193/files/f498a738-ace1-4751-988a-e51b96f04ee7?max=450&_mzcb=_1508808652400,,F89 - Bake Kabukiâ?¢ Brush,25.0,,https://www.sigmabeauty.com/f89-bake-kabuki/p/F89,F89,,sigmabeauty
121,https://cdn-tp1.mozu.com/7907-10193/cms/10193/files/ffc384db-50e3-497e-8c2c-5736a1968b07?max=450&_mzcb=_1508808652400,,F90 - Fan Brush,34.0,,https://www.sigmabeauty.com/f90-fan-18kgold/p/F90PARNT,F90PARNT,,sigmabeauty
122,https://cdn-tp1.mozu.com/7907-10193/cms/10193/files/d16b50f9-1622-46f4-86ef-d4c9f07e5fbf?max=450&_mzcb=_1508808652400,,Face Kit - 18K Gold4-Brush Set,171.0,,https://www.sigmabeauty.com/face-kit-18k-gold/p/EFGPARNT,EFGPARNT,,sigmabeauty
123,https://cdn-tp1.mozu.com/7907-10193/cms/10193/files/f27595d2-4031-4dff-98a9-9881d16d9187?max=450&_mzcb=_1508808652400,,Highlight & Contour Brush Set7-Brush Set,126.0,,https://www.sigmabeauty.com/highlight-and-contour-brush-set/p/HCBS01,HCBS01,,sigmabeauty
124,https://cdn-tp1.mozu.com/7907-10193/cms/10193/files/ec3029f4-8f67-4fb4-bcba-75b6e914ce00?max=450&_mzcb=_1508808652400,,Highlight Expert Brush Set3-Brush Set,54.0,,https://www.sigmabeauty.com/highlight-expert-brush-set/p/HLBS01,HLBS01,,sigmabeauty
125,https://cdn-tp1.mozu.com/7907-10193/cms/10193/files/bf9555e6-9c83-4de6-80dc-ce905728b04d?max=450&_mzcb=_1508808652400,,It Girl Brush Set,50.0,,https://www.sigmabeauty.com/it-girl-brush-set/p/HLD01,HLD01,,sigmabeauty
126,https://cdn-tp1.mozu.com/7907-10193/cms/10193/files/bca05dff-c327-495a-91e9-1a75d05f9506?max=450&_mzcb=_1508808652400,,L04 - Detailed Lipâ?¢ Brush,15.0,,https://www.sigmabeauty.com/l04-detailed-lip-/p/L04,L04,,sigmabeauty
127,https://cdn-tp1.mozu.com/7907-10193/cms/10193/files/6a778a32-2cb9-4f76-b814-4f757951a9ac?max=450&_mzcb=_1508808652400,,L05 - Lip Brush,15.0,,https://www.sigmabeauty.com/l05-lip/p/L05PARNT,L05PARNT,,sigmabeauty
128,https://cdn-tp1.mozu.com/7907-10193/cms/10193/files/62e134a1-58c0-4e8f-8d71-fb8035107d5a?max=450&_mzcb=_1508808652400,,L06 - Precise Lip Lineâ?¢ Brush,15.0,,https://www.sigmabeauty.com/l06-precise-lip-line-/p/L06,L06,,sigmabeauty
129,https://cdn-tp1.mozu.com/7907-10193/cms/10193/files/bcab230c-8d90-4392-acd9-d7364570168a?max=450&_mzcb=_1508808652400,,Love It Mystery Haul,50.0,,https://www.sigmabeauty.com/love-it-mystery-haul/p/PPB06,PPB06,,sigmabeauty
130,https://cdn-tp1.mozu.com/7907-10193/cms/10193/files/ede1dab3-44b5-49ad-8780-550017ee9501?max=450&_mzcb=_1508808652400,,Lust It Mystery Haul,30.0,,https://www.sigmabeauty.com/lust-it-mystery-haul/p/PPB05,PPB05,,sigmabeauty
131,https://cdn-tp1.mozu.com/7907-10193/cms/10193/files/76870fff-a41f-496a-a791-ce24b950e5a1?max=450&_mzcb=_1508808652400,,Mini Power Haul,15.0,,https://www.sigmabeauty.com/mini-power-haul/p/HLD02,HLD02,,sigmabeauty
132,https://cdn-tp1.mozu.com/7907-10193/cms/10193/files/0b4b4b2e-e5a2-45d5-83ff-f54e1b81280a?max=450&_mzcb=_1508808652400,,Modern-Eyes Brush Set,37.0,,https://www.sigmabeauty.com/modern-eyes-brush-set/p/HLD05,HLD05,,sigmabeauty
133,https://cdn-tp1.mozu.com/7907-10193/cms/10193/files/167f6d5f-25d1-427b-b21f-e95b21638717?max=450&_mzcb=_1508808652400,,Most-Wanted Brush Set5-Brush Set,73.0,,https://www.sigmabeauty.com/most-wanted-set/p/MWS001,MWS001,,sigmabeauty
134,https://cdn-tp1.mozu.com/7907-10193/cms/10193/files/b6cf2be7-5ffe-4a9a-b621-2947bcaf27d3?max=450&_mzcb=_1508808652400,,Naturally Polished Brush Set3-Brush Set,45.0,,https://www.sigmabeauty.com/naturally-polished-brush-set/p/MDS01,MDS01,,sigmabeauty
135,https://cdn-tp1.mozu.com/7907-10193/cms/10193/files/bd64fbb0-132b-4e7b-b8f1-f60292be6aad?max=450&_mzcb=_1508808652400,,Need It Mystery Haul,30.0,,https://www.sigmabeauty.com/need-it/p/PPB02,PPB02,,sigmabeauty
136,https://cdn-tp1.mozu.com/7907-10193/cms/10193/files/8a5a08c0-47a8-48e8-9164-6103fbb4acea?max=450&_mzcb=_1508808652400,,Nightlife Brush Set - Sparkle Black5-Brush Set,88.0,,https://www.sigmabeauty.com/nightlife-brush-set/p/NL08,NL08,,sigmabeauty
137,https://cdn-tp1.mozu.com/7907-10193/cms/10193/files/11ddede1-3a2e-4232-9635-a3176e61b3b5?max=450&_mzcb=_1508808652400,,P80 - Precision Flatâ?¢ Brush,20.0,,https://www.sigmabeauty.com/p80-precision-flat-/p/P80PARNT,P80PARNT,,sigmabeauty
138,https://cdn-tp1.mozu.com/7907-10193/cms/10193/files/5db3cf51-41cd-461e-b46d-fe1d3c1e40f7?max=450&_mzcb=_1508808652400,,P82 - Precision Roundâ?¢ Brush,20.0,,https://www.sigmabeauty.com/p82-precision-round-/p/P82PARNT,P82PARNT,,sigmabeauty
139,https://cdn-tp1.mozu.com/7907-10193/cms/10193/files/6cde9fe0-441f-46df-af5f-a835747dcd09?max=450&_mzcb=_1508808652400,,P84 - Precision Angledâ?¢ Brush,20.0,,https://www.sigmabeauty.com/p84-precision-angled-/p/P84PARNT,P84PARNT,,sigmabeauty
140,https://cdn-tp1.mozu.com/7907-10193/cms/10193/files/9fbddca0-6b27-4b51-ba63-a14549f58f19?max=450&_mzcb=_1508808652400,,P86 - Precision Taperedâ?¢ Brush,20.0,,https://www.sigmabeauty.com/p86-precision-tapered-/p/P86PARNT,P86PARNT,,sigmabeauty
141,https://cdn-tp1.mozu.com/7907-10193/cms/10193/files/c89176c4-eaf1-4b90-bb12-75843c0454d5?max=450&_mzcb=_1508808652400,,P88 - Precision Flat Angledâ?¢ Brush,20.0,,https://www.sigmabeauty.com/p88-precision-flat-angled-/p/P88PARNT,P88PARNT,,sigmabeauty
142,https://cdn-tp1.mozu.com/7907-10193/cms/10193/files/6a7dbf6f-839b-4ac1-94f5-9104cc0b6ece?max=450&_mzcb=_1508808652400,,P89 - Bake Precisionâ?¢ Brush,20.0,,https://www.sigmabeauty.com/p89-bake-precision/p/P89,P89,,sigmabeauty
143,https://cdn-tp1.mozu.com/7907-10193/cms/10193/files/c6391bc5-b594-452d-9585-e2d947a29fa2?max=450&_mzcb=_1508808652400,,Pink F80 Flat Kabukiâ?¢,25.0,,https://www.sigmabeauty.com/f80-flat-kabuki-pink/p/F80-2,F80-2,,sigmabeauty
144,https://cdn-tp1.mozu.com/7907-10193/cms/10193/files/62d49c5a-9f38-42c0-a048-a60c62949d9e?max=450&_mzcb=_1508808652400,,Premium Kit15-Brush Set,219.0,,https://www.sigmabeauty.com/premium-kit/p/PKPARNT,PKPARNT,,sigmabeauty
145,https://cdn-tp1.mozu.com/7907-10193/cms/10193/files/2dce9115-75a3-455e-9645-43e9c1dae68f?max=450&_mzcb=_1508808652400,,PRO Techniques Brush Set,193.0,,https://www.sigmabeauty.com/pro-techniques-brush-set/p/PROBS02,PROBS02,,sigmabeauty
146,https://cdn-tp1.mozu.com/7907-10193/cms/10193/files/de3a6acc-9f37-4110-b6d5-40ed0ef02dce?max=450&_mzcb=_1508808652400,,Sheer Cover Brush Set,56.0,,https://www.sigmabeauty.com/sheer-cover-brush-set/p/HLD03,HLD03,,sigmabeauty
147,https://cdn-tp1.mozu.com/7907-10193/cms/10193/files/ee91b646-c24f-4b74-9db4-671efa036fc6?max=450&_mzcb=_1508808652400,,Sigmax® Kabuki Kit5-Brush Set,90.0,,https://www.sigmabeauty.com/sigmax-kabuki-kit/p/SMAX06PARNT,SMAX06PARNT,,sigmabeauty
148,https://cdn-tp1.mozu.com/7907-10193/cms/10193/files/eda840fb-566c-4b9f-af64-00fa9e8b0608?max=450&_mzcb=_1508808652400,,Sigmax® Precision Kit5-Brush Set,72.0,,https://www.sigmabeauty.com/sigmax-precision-kit-5-brushes/p/SMAX07PARNT,SMAX07PARNT,,sigmabeauty
149,https://cdn-tp1.mozu.com/7907-10193/cms/10193/files/b5f83aba-884c-4011-a42f-c8f98b3ca88a?max=450&_mzcb=_1508808652400,,Spot-On Concealer Kit6-Brush Set,101.0,,https://www.sigmabeauty.com/spot-onconcealerkit/p/AAS02PARNT,AAS02PARNT,,sigmabeauty
150,https://cdn-tp1.mozu.com/7907-10193/cms/10193/files/06f3a4fb-b218-47dd-8bd6-a69d0deeee6f?max=450&_mzcb=_1508808652400,,The Classic Express Duo,39.0,,https://www.sigmabeauty.com/the-classic-express-duo/p/PP02,PP02,,sigmabeauty
151,https://cdn-tp1.mozu.com/7907-10193/cms/10193/files/22a85a28-1515-409c-ab19-ca8e09f4cb33?max=450&_mzcb=_1508808652400,,The Power Pair,37.0,,https://www.sigmabeauty.com/the-power-pair/p/PP01,PP01,,sigmabeauty
152,https://cdn-tp1.mozu.com/7907-10193/cms/10193/files/46854168-c3eb-4d07-8f6d-b9e257bdc6db?max=450&_mzcb=_1508808652400,,Travel Kit - Make Me Classy7-Brush Set,86.0,,https://www.sigmabeauty.com/travel-kit-make-me/p/TKPARNT,TKPARNT,,sigmabeauty
153,https://cdn-tp1.mozu.com/7907-10193/cms/10193/files/605acaa9-5e1c-4d62-bb13-27857a976954?max=450&_mzcb=_1508808652400,,Travel Kit - Mr.  Bunny7-Brush Set,86.0,,https://www.sigmabeauty.com/travel-kit-bunny/p/BTPARNT,BTPARNT,,sigmabeauty
156,https://cdn-tp1.mozu.com/7907-10193/cms/10193/files/c5a8d4f6-940b-4a89-9f46-2cb4520d7222?max=450&_mzcb=_1508808652400,,SigMagic®  Brushampooâ?¢ Liquid,15.0,,https://www.sigmabeauty.com/sigmagic/p/MAG01,MAG01,,sigmabeauty
157,https://cdn-tp1.mozu.com/7907-10193/cms/10193/files/160b64f6-d730-4a17-acb6-a49fd895ebf4?max=450&_mzcb=_1508808652400,,Gel Eye Liner,14.0,,https://www.sigmabeauty.com/gel-eye-liner/p/PARNTGEL2,PARNTGEL2,,sigmabeauty
158,https://cdn-tp1.mozu.com/7907-10193/cms/10193/files/cea3a7d4-199f-4f16-ae8e-980a43e26129?max=450&_mzcb=_1508808652400,,Aura Powder Blush,19.0,,https://www.sigmabeauty.com/aura-powder/p/FACEPOWDER,FACEPOWDER,,sigmabeauty
160,https://cdn-tp1.mozu.com/7907-10193/cms/10193/files/05deda20-680c-4b67-954c-0e0b959f978b?max=450&_mzcb=_1508808652400,,Sigma Dry'n Shape® Spa,29.0,,https://www.sigmabeauty.com/dry-n-shape-spa/p/DS05,DS05,,sigmabeauty
161,https://cdn-tp1.mozu.com/7907-10193/cms/10193/files/c021a788-2947-418e-a33b-f71964257c20?max=450&_mzcb=_1508808652400,,Monumental Lash Mascara,19.0,,https://www.sigmabeauty.com/monumental-lash/p/M001,M001,,sigmabeauty
162,https://cdn-tp1.mozu.com/7907-10193/cms/10193/files/245f04fc-3447-4ba4-adb1-f3aa075e5006?max=450&_mzcb=_1508808652400,,Eye Shadow Palette - Warm Neutrals,39.0,,https://www.sigmabeauty.com/eye-shadow-palette-warm-neutrals/p/EP010,EP010,,sigmabeauty
167,https://cdn-tp1.mozu.com/7907-10193/cms/10193/files/11f9c3a1-e0f5-4573-9b1a-d5f5613b5e90?max=450&_mzcb=_1508808652400,,Sigma Spa® Express Brush Cleaning Mat,25.0,,https://www.sigmabeauty.com/sigma-spa-express-brush-cleaning-mat/p/EM001,EM001,,sigmabeauty
171,https://cdn-tp1.mozu.com/7907-10193/cms/10193/files/3b16769d-fcac-4a31-a1bd-5c912036e696?max=450&_mzcb=_1508808652400,,Blush,12.0,,https://www.sigmabeauty.com/blush/p/PARNTBLUSH,PARNTBLUSH,,sigmabeauty
172,https://cdn-tp1.mozu.com/7907-10193/cms/10193/files/6c904f4f-4d15-4c18-94e3-11d839cf9966?max=450&_mzcb=_1508808652400,,Brow Highlight Duo,14.0,,https://www.sigmabeauty.com/brow-highlight-duo/p/PARNTBH,PARNTBH,,sigmabeauty
173,https://cdn-tp1.mozu.com/7907-10193/cms/10193/files/c3182984-c92f-4ba0-b8e1-aa386ab3d08e?max=450&_mzcb=_1508808652400,,Brow Pencil,9.0,,https://www.sigmabeauty.com/brow-pencil/p/PARNTBRP,PARNTBRP,,sigmabeauty
174,https://cdn-tp1.mozu.com/7907-10193/cms/10193/files/d855e913-e23c-41cb-aed5-0f76e8c4ad04?max=450&_mzcb=_1508808652400,,Brow Powder Duo,14.0,,https://www.sigmabeauty.com/brow-powder-duo/p/PARNTBP,PARNTBP,,sigmabeauty
175,https://cdn-tp1.mozu.com/7907-10193/cms/10193/files/ae7f993c-eed0-435a-91e0-96c7b9bea07c?max=450&_mzcb=_1508808652400,,Brow Wax - Clear,11.0,,https://www.sigmabeauty.com/brow-wax/p/BW001,BW001,,sigmabeauty
176,https://cdn-tp1.mozu.com/7907-10193/cms/10193/files/fca8039f-619d-40a5-8b9d-3e6fb7560568?max=450&_mzcb=_1508808652400,,Chroma Glow Shimmer + Highlight Palette,39.0,,https://www.sigmabeauty.com/chroma-glow-shimmer-highlight-palette/p/EP016,EP016,,sigmabeauty
177,https://cdn-tp1.mozu.com/7907-10193/cms/10193/files/ef75d516-541a-4ea6-a475-bb4344e62ce1?max=450&_mzcb=_1508808652400,,Crème de Couture Liquid Lipstick,15.0,,https://www.sigmabeauty.com/liquid-lipstick/p/CDCPARNT,CDCPARNT,,sigmabeauty
178,https://cdn-tp1.mozu.com/7907-10193/cms/10193/files/e6fd2373-37cc-4410-bb23-5baa88527640?max=450&_mzcb=_1508808652400,,Crème de Couture Pressed Color Palette,39.0,,https://www.sigmabeauty.com/creme-de-couture-palette/p/CDC01,CDC01,,sigmabeauty
179,https://cdn-tp1.mozu.com/7907-10193/cms/10193/files/20ce49aa-27bb-4064-817e-378bfd948b70?max=450&_mzcb=_1508808652400,,Dual-Ended Brow Pencil,12.0,,https://www.sigmabeauty.com/dual-ended-brow-pencil/p/BP005,BP005,,sigmabeauty
180,https://cdn-tp1.mozu.com/7907-10193/cms/10193/files/f04cc94e-f1ca-4b0f-a3fa-818c041a891e?max=450&_mzcb=_1508808652400,,Dual-Ended Eye Liner - Eclipse/Festa,11.0,,https://www.sigmabeauty.com/dual-ended-eye-liner-eclipse-festa/p/NL04,NL04,,sigmabeauty
181,https://cdn-tp1.mozu.com/7907-10193/cms/10193/files/b91eae8d-63b1-4bb8-8545-5cfc552123b2?max=450&_mzcb=_1508808652400,,Embellish Lash,19.0,,https://www.sigmabeauty.com/embellish-lash/p/MASCARA,MASCARA,,sigmabeauty
182,https://cdn-tp1.mozu.com/7907-10193/cms/10193/files/a427fbb1-b612-4901-adaa-db3d4dd9b563?max=450&_mzcb=_1508808652400,,Eye Liner,9.0,,https://www.sigmabeauty.com/eye-liner/p/PARENTEL2,PARENTEL2,,sigmabeauty
183,https://cdn-tp1.mozu.com/7907-10193/cms/10193/files/7b02d5a7-6c77-4392-9bdb-0137fc53e4d1?max=450&_mzcb=_1508808652400,,Eye Liner - Sale,9.0,,https://www.sigmabeauty.com/eye-liner-sale/p/PARNTEL3,PARNTEL3,,sigmabeauty
184,https://cdn-tp1.mozu.com/7907-10193/cms/10193/files/af23cd6d-1daf-4e5b-982a-816398416c0d?max=450&_mzcb=_1508808652400,,Eye Shadow - Fawn,11.0,,https://www.sigmabeauty.com/eye-shadow-fawn/p/ES052,ES052,,sigmabeauty
185,https://cdn-tp1.mozu.com/7907-10193/cms/10193/files/cc33322d-335c-4a0d-9514-f2205355e70f?max=450&_mzcb=_1508808652400,,Eye Shadow Base,13.0,,https://www.sigmabeauty.com/eye-shadow-base/p/ESB2PARNT,ESB2PARNT,,sigmabeauty
186,https://cdn-tp1.mozu.com/7907-10193/cms/10193/files/bb09b9c8-e269-405b-85f9-44700f06a99d?max=450&_mzcb=_1508808652400,,Eye Shadow Base - Persuade,13.0,,https://www.sigmabeauty.com/eye-shadow-primer/p/ESB022,ESB022,,sigmabeauty
187,https://cdn-tp1.mozu.com/7907-10193/cms/10193/files/6322e6f9-476f-4b38-af58-8b1077c2c58c?max=450&_mzcb=_1508808652400,,Eye Shadow Palette - Fall Softly,39.0,,https://www.sigmabeauty.com/eye-shadow-palette-fall-softly/p/EP015,EP015,,sigmabeauty
188,https://cdn-tp1.mozu.com/7907-10193/cms/10193/files/94b2826e-4cce-4527-a4c0-4787db22dbc6?max=450&_mzcb=_1508808652400,,Eye Shadow Palette - Nightlife,39.0,,https://www.sigmabeauty.com/eye-shadow-palette-nightlife/p/NL01,NL01,,sigmabeauty
189,https://cdn-tp1.mozu.com/7907-10193/cms/10193/files/570696b8-5fa6-4693-9ce3-4e48344a7899?max=450&_mzcb=_1508808652400,,Eye Shadow Palette - Smoke Screen,39.0,,https://www.sigmabeauty.com/eye-shadow-palette-smoke-screen/p/EP013,EP013,,sigmabeauty
192,https://cdn-tp1.mozu.com/7907-10193/cms/10193/files/caeb6d1f-be47-46b5-80fd-e6f4b49928c6?max=450&_mzcb=_1508808652400,,Gingerbabe Lip Set,25.0,,https://www.sigmabeauty.com/gingerbabe-lip-set/p/LE007,LE007,,sigmabeauty
193,https://cdn-tp1.mozu.com/7907-10193/cms/10193/files/91304286-f4f7-4d9b-a619-a3c703d60eb7?max=450&_mzcb=_1508808652400,,Gloss Up Lip Vex Set â?? Dazzle,28.0,,https://www.sigmabeauty.com/gloss-up-lip-vex-set-dazzle/p/LIP04,LIP04,,sigmabeauty
194,https://cdn-tp1.mozu.com/7907-10193/cms/10193/files/c2005f61-270a-4fb2-9b4a-a04694fcee13?max=450&_mzcb=_1508808652400,,Gloss Up Lip Vex Set â?? Glaze,28.0,,https://www.sigmabeauty.com/gloss-up-lip-vex-set-glaze/p/LIP05,LIP05,,sigmabeauty
195,https://cdn-tp1.mozu.com/7907-10193/cms/10193/files/f30cd9bc-c971-4e5e-9bd7-91b398887fb5?max=450&_mzcb=_1508808652400,,High Caliber Lash Mascara,19.0,,https://www.sigmabeauty.com/high-caliber-lash/p/M003,M003,,sigmabeauty
196,https://cdn-tp1.mozu.com/7907-10193/cms/10193/files/eb81d2ff-17ad-4cd9-b6ea-39eb34218a31?max=450&_mzcb=_1508808652400,,Individual Eye Shadow,11.0,,https://www.sigmabeauty.com/individual-eye-shadow/p/ESPARNT,ESPARNT,,sigmabeauty
197,https://cdn-tp1.mozu.com/7907-10193/cms/10193/files/9fc81d30-f1f6-4696-9307-7b51e1399cc8?max=450&_mzcb=_1508808652400,,Inner Rim Brightener,9.0,,https://www.sigmabeauty.com/inner-rim-brightener/p/PARNTIRB,PARNTIRB,,sigmabeauty
198,https://cdn-tp1.mozu.com/7907-10193/cms/10193/files/ed40f1bd-9beb-4306-8343-10f5493fcb1b?max=450&_mzcb=_1508808652400,,Line Ace - Endorse,14.0,,https://www.sigmabeauty.com/line-ace-endorse/p/LEL11,LEL11,,sigmabeauty
199,https://cdn-tp1.mozu.com/7907-10193/cms/10193/files/334adb79-c93d-4a12-a5d0-34de1402a7b5?max=450&_mzcb=_1508808652400,,Line Ace - Inscription,14.0,,https://www.sigmabeauty.com/line-ace-inscription/p/LEL10,LEL10,,sigmabeauty
200,https://cdn-tp1.mozu.com/7907-10193/cms/10193/files/0050a3d0-4651-4e93-afb6-cc88f44982a3?max=450&_mzcb=_1508808652400,,Line Ace - Legend,14.0,,https://www.sigmabeauty.com/line-ace/p/LIQUIDLINER,LIQUIDLINER,,sigmabeauty
201,https://cdn-tp1.mozu.com/7907-10193/cms/10193/files/b9292268-1d90-4178-951f-09356f6ac075?max=450&_mzcb=_1508808652400,,Line Ace - Monogram,14.0,,https://www.sigmabeauty.com/line-ace-monogram/p/LEL08,LEL08,,sigmabeauty
202,https://cdn-tp1.mozu.com/7907-10193/cms/10193/files/d59c9fb0-7f0b-4283-b8fc-5d6a3b928e20?max=450&_mzcb=_1508808652400,,Line Ace - Robust,14.0,,https://www.sigmabeauty.com/line-ace-robust/p/LEL09,LEL09,,sigmabeauty
203,https://cdn-tp1.mozu.com/7907-10193/cms/10193/files/ea872f2f-d16f-41c1-b250-e98921ea5bd6?max=450&_mzcb=_1508808652400,,Line Ace - Sigma Pink,14.0,,https://www.sigmabeauty.com/line-ace-sigma-pink/p/LEL07,LEL07,,sigmabeauty
204,https://cdn-tp1.mozu.com/7907-10193/cms/10193/files/1634771b-b7fb-4219-a2c7-44a224601418?max=450&_mzcb=_1508808652400,,Lip Base,12.0,,https://www.sigmabeauty.com/lip-base/p/PARNTLB,PARNTLB,,sigmabeauty
205,https://cdn-tp1.mozu.com/7907-10193/cms/10193/files/b6a391da-9d8a-45cb-aced-397bcb067936?max=450&_mzcb=_1508808652400,,Lip Concealer - Lose The Halo,15.0,,https://www.sigmabeauty.com/lip-concealer-lose-the-halo/p/LC001,LC001,,sigmabeauty
206,https://cdn-tp1.mozu.com/7907-10193/cms/10193/files/2eaa4325-f8b5-491e-b60d-5ca2bf3f908f?max=450&_mzcb=_1508808652400,,Lip Crayon Set - Bold,22.0,,https://www.sigmabeauty.com/lip-crayon-set-bold/p/LIP06,LIP06,,sigmabeauty
207,https://cdn-tp1.mozu.com/7907-10193/cms/10193/files/7fc04ee5-bb06-4436-a6f3-84538d553858?max=450&_mzcb=_1508808652400,,Lip Crayon Set - Classic,22.0,,https://www.sigmabeauty.com/lip-crayon-set-classic/p/LIP07,LIP07,,sigmabeauty
208,https://cdn-tp1.mozu.com/7907-10193/cms/10193/files/a955e4e8-c785-460e-929a-3c5648f6f91c?max=450&_mzcb=_1508808652400,,Lip Eclipse Pigmented Lip Gloss,17.0,,https://www.sigmabeauty.com/lip-eclipse/p/LIPECLIPSE,LIPECLIPSE,,sigmabeauty
209,https://cdn-tp1.mozu.com/7907-10193/cms/10193/files/9b259fd6-230b-4648-b104-bae5e4843d30?max=450&_mzcb=_1508808652400,,Lip Eclipse Set - Bold,25.0,,https://www.sigmabeauty.com/lip-eclipse-set-bold/p/LIP09,LIP09,,sigmabeauty
210,https://cdn-tp1.mozu.com/7907-10193/cms/10193/files/bb4d83eb-3010-4cea-bb88-b477ea2bc08a?max=450&_mzcb=_1508808652400,,Lip Eclipse Set - Neutral,25.0,,https://www.sigmabeauty.com/lip-eclipse-set-neutral/p/LIP08,LIP08,,sigmabeauty
211,https://cdn-tp1.mozu.com/7907-10193/cms/10193/files/dec7678b-ca9f-4c72-8fe6-c56e4f0d98f3?max=450&_mzcb=_1508808652400,,Lip Vex,10.0,,https://www.sigmabeauty.com/lip-vex/p/LGPARNT,LGPARNT,,sigmabeauty
212,https://cdn-tp1.mozu.com/7907-10193/cms/10193/files/6484f6ea-6533-4fd0-945d-5f145d03fbb9?max=450&_mzcb=_1508808652400,,Lipstick - Barely Blooming,14.0,,https://www.sigmabeauty.com/lipstick-barely-blooming/p/LPS008,LPS008,,sigmabeauty
213,https://cdn-tp1.mozu.com/7907-10193/cms/10193/files/fc88e214-f0af-4ad1-bd07-95133c3d9fa9?max=450&_mzcb=_1508808652400,,Lipstick - Dahlia,14.0,,https://www.sigmabeauty.com/lipstick-dahlia/p/LPS007,LPS007,,sigmabeauty
214,https://cdn-tp1.mozu.com/7907-10193/cms/10193/files/cc3a3eba-e846-4399-bf8d-f11e4407dd33?max=450&_mzcb=_1508808652400,,Lipstick - Dance 'Til Dawn,14.0,,https://www.sigmabeauty.com/lip-stick-dance-til-dawn/p/NL02,NL02,,sigmabeauty
215,https://cdn-tp1.mozu.com/7907-10193/cms/10193/files/3f02d7d6-7ae1-46a9-a837-3b23a22e0e47?max=450&_mzcb=_1508808652400,,Liquid Highlighter - Afterglow,12.0,,https://www.sigmabeauty.com/liquid-highlighter-afterglow/p/NL07,NL07,,sigmabeauty
216,https://cdn-tp1.mozu.com/7907-10193/cms/10193/files/0f562de1-2371-4f33-a9cb-4274980c5d78?max=450&_mzcb=_1508808652400,,Loose Glitter,12.0,,https://www.sigmabeauty.com/loose-glitter/p/LGLPARNT,LGLPARNT,,sigmabeauty
217,https://cdn-tp1.mozu.com/7907-10193/cms/10193/files/e4c23035-1faa-4b12-9ea9-f0602ffd91c3?max=450&_mzcb=_1508808652400,,Loose Shimmer,12.0,,https://www.sigmabeauty.com/loose-shimmer/p/LSPARNT,LSPARNT,,sigmabeauty
218,https://cdn-tp1.mozu.com/7907-10193/cms/10193/files/1403fe88-463c-418a-a9c2-80e48eb0a190?max=450&_mzcb=_1508808652400,,Loose Shimmer & Glitter Set,30.0,,https://www.sigmabeauty.com/loose-shimmer-glitter-set/p/LSSPARNT,LSSPARNT,,sigmabeauty
221,https://cdn-tp1.mozu.com/7907-10193/cms/10193/files/b48e252c-11c6-48d3-897a-bacbd9e7ad07?max=450&_mzcb=_1508808652400,,Make Your Pout Lip Set,49.0,,https://www.sigmabeauty.com/make-your-pout/p/LIP02,LIP02,,sigmabeauty
223,https://cdn-tp1.mozu.com/7907-10193/cms/10193/files/b00c722a-24b0-4033-93f0-ffffc227a91c?max=450&_mzcb=_1508808652400,,Naturally Polished Makeup Set,42.0,,https://www.sigmabeauty.com/naturally-polished-makeup-set/p/MDS02,MDS02,,sigmabeauty
225,https://cdn-tp1.mozu.com/7907-10193/cms/10193/files/cdb3a345-f210-4a25-b3b8-947fb40524df?max=450&_mzcb=_1508808652400,,Powder Blush - Hot Spot,12.0,,https://www.sigmabeauty.com/powder-blush-hot-spot/p/NL05,NL05,,sigmabeauty
226,https://cdn-tp1.mozu.com/7907-10193/cms/10193/files/aefefc79-a94b-4a58-a87a-4b75b4a7e909?max=450&_mzcb=_1508808652400,,Power Crayon,15.0,,https://www.sigmabeauty.com/power-crayon/p/LIPCRAYON,LIPCRAYON,,sigmabeauty
227,https://cdn-tp1.mozu.com/7907-10193/cms/10193/files/ef36c6d1-b801-44d2-9bf5-d505f7134e75?max=450&_mzcb=_1508808652400,,Power Liner,14.0,,https://www.sigmabeauty.com/power-liner/p/LIPLINER,LIPLINER,,sigmabeauty
228,https://cdn-tp1.mozu.com/7907-10193/cms/10193/files/09a385ca-73e1-4055-b706-28ef6c427a63?max=450&_mzcb=_1508808652400,,Power Stick,25.0,,https://www.sigmabeauty.com/power-stick/p/LIPSTICK,LIPSTICK,,sigmabeauty
229,https://cdn-tp1.mozu.com/7907-10193/cms/10193/files/89f35cc4-c6e3-4305-99b4-bb528baeebb0?max=450&_mzcb=_1508808652400,,Shimmer Cream,16.0,,https://www.sigmabeauty.com/shimmer-creams/p/PARNTSC,PARNTSC,,sigmabeauty
230,https://cdn-tp1.mozu.com/7907-10193/cms/10193/files/40011039-3ca7-4e5c-b914-e3bdd621323e?max=450&_mzcb=_1508808652400,,Shimmer Cream - Brilliant,16.0,,https://www.sigmabeauty.com/shimmer-cream-brilliant/p/SC006,SC006,,sigmabeauty
231,https://cdn-tp1.mozu.com/7907-10193/cms/10193/files/7332f6ef-3137-4914-b299-e3b5993ed9c5?max=450&_mzcb=_1508808652400,,Sinuosity Lash Mascara,19.0,,https://www.sigmabeauty.com/sinuosity-lash/p/M002,M002,,sigmabeauty
232,https://cdn-tp1.mozu.com/7907-10193/cms/10193/files/60a36230-3d2d-4a54-b483-4824525eeef7?max=450&_mzcb=_1508808652400,,Structural Lashes Mascara Set,45.0,,https://www.sigmabeauty.com/structural-lashes-mascara-set/p/M004,M004,,sigmabeauty
233,https://cdn-tp1.mozu.com/7907-10193/cms/10193/files/5e99cfbe-935f-4ca9-b3e7-0db40f27dc6e?max=450&_mzcb=_1508808652400,,Warm Neutrals Volume 2 Eyeshadow Palette,39.0,,https://www.sigmabeauty.com/warm-neutrals-volume-2/p/EP017,EP017,,sigmabeauty
234,https://cdn-tp1.mozu.com/7907-10193/cms/10193/files/15d66604-daa3-4a95-8968-e610d3571695?max=450&_mzcb=_1508808652400,,Wildflower Eye & Cheek Palette,36.0,,https://www.sigmabeauty.com/wildflower-eye-cheek-palette/p/MUP01,MUP01,,sigmabeauty
251,https://cdn-tp1.mozu.com/7907-10193/cms/10193/files/a4f248e6-b300-49dc-8b5a-d79035b34fe8?max=450&_mzcb=_1508808652400,,2X Sigma Spa® Brush Cleaning Glove,39.0,,https://www.sigmabeauty.com/2x-sigma-spa-brush-cleaning-glove/p/SSG2X,SSG2X,,sigmabeauty
252,https://cdn-tp1.mozu.com/7907-10193/cms/10193/files/9366c982-b86d-4bcd-81ad-65d1d5ec1e40?max=450&_mzcb=_1508808652400,,Brush Case - Black,29.0,,https://www.sigmabeauty.com/brush-case-black/p/BCH10,BCH10,,sigmabeauty
253,https://cdn-tp1.mozu.com/7907-10193/cms/10193/files/78aa9277-7afc-464a-8be6-dfc957fea790?max=450&_mzcb=_1508808652400,,Brush Cup Holder,25.0,,https://www.sigmabeauty.com/brush-cup-holder/p/BCHPARNT1,BCHPARNT1,,sigmabeauty
254,https://cdn-tp1.mozu.com/7907-10193/cms/10193/files/eeccc638-163c-43cf-94a5-c07e4e4804b6?max=450&_mzcb=_1508808652400,,Brush Cup Holder - Light Blue,25.0,,https://www.sigmabeauty.com/brush-cup-holder-bunny-blue/p/BCH09,BCH09,,sigmabeauty
255,https://cdn-tp1.mozu.com/7907-10193/cms/10193/files/d96a78ca-9121-47be-9cb3-de9f58d2d791?max=450&_mzcb=_1508808652400,,Go-Go Clean Duo,35.0,,https://www.sigmabeauty.com/go-go-clean-duo/p/HLD04,HLD04,,sigmabeauty
259,https://cdn-tp1.mozu.com/7907-10193/cms/10193/files/d6864802-9f7a-4769-9a85-efae3826b9f4?max=450&_mzcb=_1508808652400,,Mini SigMagic® Brushampooâ?¢ WS,3.0,,https://www.sigmabeauty.com/mini-sigmagic-brushampoo-ws/p/MSS02,MSS02,,sigmabeauty
261,https://cdn-tp1.mozu.com/7907-10193/cms/10193/files/13342ad9-be9b-443b-bb39-52a49bca3149?max=450&_mzcb=_1508808652400,,Sigma Dry'n Shape Tower® Eyes - Up to 48 small brushes,39.0,,https://www.sigmabeauty.com/dry-n-shape-tower-eyes/p/DS02,DS02,,sigmabeauty
262,https://cdn-tp1.mozu.com/7907-10193/cms/10193/files/e36d1af3-cfc2-4828-aefd-86a02220c841?max=450&_mzcb=_1508808652400,,Sigma Dry'n Shape Tower® Face & Eyes - Up to 44 brushes,49.0,,https://www.sigmabeauty.com/dry-n-shape-tower-face-eyes/p/DS03,DS03,,sigmabeauty
263,https://cdn-tp1.mozu.com/7907-10193/cms/10193/files/e7440e02-c77b-4b23-be6e-19d617884ef4?max=450&_mzcb=_1508808652400,,Sigma Dry'n Shape Tower® Full Set - Up to 92 brushes,69.0,,https://www.sigmabeauty.com/dry-n-shape-tower-full-set/p/DS04,DS04,,sigmabeauty
265,https://cdn-tp1.mozu.com/7907-10193/cms/10193/files/301fb6bd-3b1a-4930-bee6-5243d0b9398e?max=450&_mzcb=_1508808652400,,Sigma Spa® Brush Cleaning Mat,32.0,,https://www.sigmabeauty.com/spa-mat/p/BCM01,BCM01,,sigmabeauty
266,https://cdn-tp1.mozu.com/7907-10193/cms/10193/files/52aa498a-42a3-4909-869d-2a6837ce138a?max=450&_mzcb=_1508808652400,,Sigma Spa® Express Brush Cleaning Glove,25.0,,https://www.sigmabeauty.com/spa-express-brush-cleaning-glove/p/EG001,EG001,,sigmabeauty
269,https://cdn-tp1.mozu.com/7907-10193/cms/10193/files/80addf04-dd66-49db-9c57-94bbd4ef038f?max=450&_mzcb=_1508808652400,,SigMagic® Brushampooâ?¢ Foam,15.0,,https://www.sigmabeauty.com/sigmagic-brushampoo-foam/p/MAG03,MAG03,,sigmabeauty
